{"type":"internal","split":{"type":"continuous","featureIndex":4,"threshold":2.8399786478040667}}
{"type":"internal","split":{"type":"continuous","featureIndex":0,"threshold":-0.1072950505148259}}
{"type":"internal","split":{"type":"continuous","featureIndex":1,"threshold":-0.04746084110752079}}
{"type":"internal","split":{"type":"continuous","featureIndex":1,"threshold":-0.967885782727522}}
{"type":"leaf","values":[0.0,20.0,0.0,0.0,0.0,0.0,0.0,0.0,0.0,0.0]}
{"type":"internal","split":{"type":"continuous","featureIndex":5,"threshold":-0.11132131130794114}}
{"type":"leaf","values":[0.0,26.0,3.0,2.0,0.0,0.0,0.0,0.0,0.0,1.0]}
{"type":"leaf","values":[2.0,5.0,0.0,35.0,0.0,0.0,0.0,2.0,0.0,0.0]}
{"type":"internal","split":{"type":"continuous","featureIndex":1,"threshold":0.13333817566229358}}
{"type":"internal","split":{"type":"continuous","featureIndex":4,"threshold":1.7918335982414875}}
{"type":"leaf","values":[11.0,1.0,0.0,1.0,0.0,0.0,0.0,0.0,0.0,0.0]}
{"type":"leaf","values":[5.0,9.0,0.0,2.0,0.0,0.0,0.0,0.0,0.0,0.0]}
{"type":"internal","split":{"type":"continuous","featureIndex":9,"threshold":-0.9651959282655475}}
{"type":"leaf","values":[0.0,1.0,0.0,0.0,0.0,0.0,0.0,4.0,0.0,0.0]}
{"type":"leaf","values":[3139.0,40.0,2.0,15.0,3.0,5.0,0.0,2.0,0.0,1.0]}
{"type":"internal","split":{"type":"continuous","featureIndex":0,"threshold":5.322135559718764}}
{"type":"internal","split":{"type":"continuous","featureIndex":1,"threshold":-1.5374725543136019}}
{"type":"internal","split":{"type":"continuous","featureIndex":6,"threshold":-1.5845341962051869}}
{"type":"leaf","values":[0.0,2621.0,8.0,201.0,20.0,38.0,8.0,66.0,7.0,51.0]}
{"type":"leaf","values":[1.0,229.0,0.0,143.0,7.0,4.0,3.0,358.0,2.0,116.0]}
{"type":"internal","split":{"type":"continuous","featureIndex":0,"threshold":0.7396009557955203}}
{"type":"leaf","values":[456.0,245.0,80.0,115.0,73.0,25.0,0.0,49.0,31.0,154.0]}
{"type":"leaf","values":[94.0,295.0,1090.0,123.0,316.0,415.0,669.0,149.0,150.0,2095.0]}
{"type":"internal","split":{"type":"continuous","featureIndex":4,"threshold":1.7918335982414875}}
{"type":"internal","split":{"type":"continuous","featureIndex":1,"threshold":-1.8190886820995387}}
{"type":"leaf","values":[0.0,45.0,0.0,7.0,0.0,1.0,15.0,2.0,0.0,0.0]}
{"type":"leaf","values":[0.0,10.0,6.0,9.0,14.0,18.0,2818.0,1.0,0.0,18.0]}
{"type":"internal","split":{"type":"continuous","featureIndex":0,"threshold":6.960907279078893}}
{"type":"leaf","values":[0.0,24.0,38.0,21.0,37.0,50.0,229.0,35.0,4.0,115.0]}
{"type":"leaf","values":[0.0,0.0,3.0,4.0,4.0,9.0,328.0,4.0,0.0,19.0]}
{"type":"internal","split":{"type":"continuous","featureIndex":5,"threshold":1.5452486071680047}}
{"type":"internal","split":{"type":"continuous","featureIndex":3,"threshold":1.635261538172867}}
{"type":"internal","split":{"type":"continuous","featureIndex":6,"threshold":-1.1165958603240043}}
{"type":"internal","split":{"type":"continuous","featureIndex":7,"threshold":0.9811126046036022}}
{"type":"leaf","values":[270.0,185.0,183.0,542.0,3010.0,746.0,101.0,350.0,283.0,113.0]}
{"type":"leaf","values":[4.0,8.0,1.0,23.0,99.0,626.0,44.0,92.0,82.0,38.0]}
{"type":"internal","split":{"type":"continuous","featureIndex":5,"threshold":-2.1353466041772804}}
{"type":"leaf","values":[653.0,1.0,4.0,11.0,123.0,0.0,1.0,142.0,19.0,0.0]}
{"type":"leaf","values":[105.0,13.0,27.0,386.0,547.0,45.0,8.0,1566.0,102.0,75.0]}
{"type":"internal","split":{"type":"continuous","featureIndex":1,"threshold":-0.7040811311130016}}
{"type":"internal","split":{"type":"continuous","featureIndex":5,"threshold":-1.55989360623553}}
{"type":"leaf","values":[0.0,615.0,38.0,259.0,25.0,0.0,0.0,106.0,205.0,10.0]}
{"type":"leaf","values":[4.0,566.0,67.0,2567.0,11.0,1.0,63.0,1399.0,278.0,168.0]}
{"type":"internal","split":{"type":"continuous","featureIndex":0,"threshold":0.3645303714180198}}
{"type":"leaf","values":[732.0,81.0,23.0,78.0,2.0,5.0,0.0,48.0,51.0,0.0]}
{"type":"leaf","values":[95.0,199.0,3145.0,256.0,631.0,68.0,449.0,60.0,3527.0,932.0]}
{"type":"internal","split":{"type":"continuous","featureIndex":5,"threshold":2.741120459604147}}
{"type":"internal","split":{"type":"continuous","featureIndex":2,"threshold":0.04985760622331656}}
{"type":"internal","split":{"type":"continuous","featureIndex":1,"threshold":-0.4497349704276334}}
{"type":"leaf","values":[2.0,16.0,7.0,128.0,0.0,15.0,2.0,45.0,4.0,3.0]}
{"type":"leaf","values":[22.0,0.0,287.0,11.0,6.0,51.0,16.0,3.0,25.0,191.0]}
{"type":"internal","split":{"type":"continuous","featureIndex":3,"threshold":2.0523955603872435}}
{"type":"leaf","values":[10.0,1.0,13.0,3.0,44.0,1391.0,38.0,129.0,1.0,35.0]}
{"type":"leaf","values":[81.0,15.0,33.0,67.0,0.0,68.0,195.0,92.0,40.0,285.0]}
{"type":"internal","split":{"type":"continuous","featureIndex":2,"threshold":0.04985760622331656}}
{"type":"internal","split":{"type":"continuous","featureIndex":8,"threshold":-1.0600123075098524}}
{"type":"leaf","values":[1.0,0.0,19.0,10.0,0.0,10.0,1.0,4.0,6.0,3.0]}
{"type":"leaf","values":[0.0,0.0,0.0,0.0,0.0,1.0,0.0,0.0,0.0,11.0]}
{"type":"internal","split":{"type":"continuous","featureIndex":3,"threshold":2.8224970100278846}}
{"type":"leaf","values":[0.0,0.0,10.0,0.0,2.0,1406.0,14.0,26.0,1.0,7.0]}
{"type":"leaf","values":[3.0,0.0,9.0,4.0,0.0,13.0,6.0,6.0,1.0,25.0]}
