{"type":"internal","split":{"type":"continuous","featureIndex":0,"threshold":0.3645303714180198}}
{"type":"internal","split":{"type":"continuous","featureIndex":1,"threshold":0.13333817566229358}}
{"type":"internal","split":{"type":"continuous","featureIndex":3,"threshold":3.1505154348236335}}
{"type":"internal","split":{"type":"continuous","featureIndex":6,"threshold":-2.251651245501365}}
{"type":"internal","split":{"type":"continuous","featureIndex":1,"threshold":-0.7040811311130016}}
{"type":"leaf","values":[0.0,203.0,10.0,20.0,2.0,0.0,0.0,1.0,0.0,0.0]}
{"type":"leaf","values":[45.0,115.0,13.0,30.0,10.0,4.0,0.0,0.0,1.0,0.0]}
{"type":"internal","split":{"type":"continuous","featureIndex":1,"threshold":-0.04746084110752079}}
{"type":"leaf","values":[7.0,14.0,3.0,59.0,1.0,1.0,0.0,88.0,0.0,1.0]}
{"type":"leaf","values":[33.0,5.0,2.0,3.0,2.0,2.0,0.0,8.0,0.0,7.0]}
{"type":"internal","split":{"type":"continuous","featureIndex":8,"threshold":-2.090013634036926}}
{"type":"internal","split":{"type":"continuous","featureIndex":5,"threshold":-0.9813373377384887}}
{"type":"leaf","values":[0.0,22.0,0.0,8.0,1.0,0.0,0.0,0.0,0.0,0.0]}
{"type":"leaf","values":[6.0,9.0,1.0,92.0,0.0,0.0,0.0,5.0,0.0,0.0]}
{"type":"internal","split":{"type":"continuous","featureIndex":6,"threshold":-3.515712238293969}}
{"type":"leaf","values":[1.0,43.0,1.0,3.0,0.0,0.0,0.0,0.0,0.0,0.0]}
{"type":"leaf","values":[0.0,2.0,1.0,32.0,0.0,0.0,0.0,5.0,0.0,0.0]}
{"type":"internal","split":{"type":"continuous","featureIndex":9,"threshold":-0.6146488538281043}}
{"type":"internal","split":{"type":"continuous","featureIndex":5,"threshold":-0.48458654718628325}}
{"type":"internal","split":{"type":"continuous","featureIndex":3,"threshold":2.670062992781842}}
{"type":"leaf","values":[7.0,9.0,0.0,2.0,1.0,0.0,0.0,5.0,1.0,1.0]}
{"type":"leaf","values":[2.0,2.0,0.0,18.0,0.0,0.0,0.0,0.0,0.0,0.0]}
{"type":"internal","split":{"type":"continuous","featureIndex":7,"threshold":0.6479058128523393}}
{"type":"leaf","values":[2.0,0.0,0.0,3.0,0.0,0.0,0.0,21.0,0.0,5.0]}
{"type":"leaf","values":[6.0,1.0,0.0,2.0,0.0,0.0,0.0,1.0,0.0,0.0]}
{"type":"internal","split":{"type":"continuous","featureIndex":3,"threshold":0.26325049783709353}}
{"type":"internal","split":{"type":"continuous","featureIndex":4,"threshold":2.6808887360446323}}
{"type":"leaf","values":[8.0,0.0,4.0,0.0,5.0,4.0,0.0,0.0,0.0,8.0]}
{"type":"leaf","values":[1.0,0.0,1.0,0.0,36.0,11.0,0.0,0.0,0.0,6.0]}
{"type":"internal","split":{"type":"continuous","featureIndex":2,"threshold":-0.3534860274898197}}
{"type":"leaf","values":[8.0,3.0,24.0,0.0,21.0,0.0,0.0,0.0,0.0,0.0]}
{"type":"leaf","values":[4934.0,105.0,25.0,25.0,13.0,55.0,0.0,15.0,62.0,32.0]}
{"type":"internal","split":{"type":"continuous","featureIndex":0,"threshold":6.204006283223545}}
{"type":"internal","split":{"type":"continuous","featureIndex":1,"threshold":-0.967885782727522}}
{"type":"internal","split":{"type":"continuous","featureIndex":6,"threshold":-2.3575554179770553}}
{"type":"internal","split":{"type":"continuous","featureIndex":0,"threshold":3.19871030225423}}
{"type":"leaf","values":[1.0,2683.0,43.0,813.0,64.0,92.0,3.0,111.0,69.0,14.0]}
{"type":"leaf","values":[1.0,624.0,20.0,404.0,64.0,621.0,61.0,96.0,126.0,31.0]}
{"type":"internal","split":{"type":"continuous","featureIndex":4,"threshold":2.3582431420044507}}
{"type":"leaf","values":[4.0,685.0,6.0,148.0,28.0,25.0,33.0,193.0,11.0,247.0]}
{"type":"leaf","values":[0.0,184.0,29.0,2819.0,153.0,167.0,18.0,3718.0,192.0,239.0]}
{"type":"internal","split":{"type":"continuous","featureIndex":7,"threshold":0.13299706815087833}}
{"type":"internal","split":{"type":"continuous","featureIndex":2,"threshold":-0.1414162115913787}}
{"type":"leaf","values":[22.0,81.0,2717.0,144.0,203.0,36.0,129.0,76.0,452.0,324.0]}
{"type":"leaf","values":[272.0,170.0,1527.0,71.0,2952.0,1689.0,792.0,167.0,486.0,1379.0]}
{"type":"internal","split":{"type":"continuous","featureIndex":3,"threshold":1.3441960975243867}}
{"type":"leaf","values":[64.0,23.0,33.0,24.0,740.0,1693.0,293.0,55.0,175.0,182.0]}
{"type":"leaf","values":[178.0,215.0,439.0,187.0,394.0,157.0,319.0,91.0,3073.0,1759.0]}
{"type":"internal","split":{"type":"continuous","featureIndex":9,"threshold":-0.7787465072369943}}
{"type":"internal","split":{"type":"continuous","featureIndex":3,"threshold":1.9114528405896953}}
{"type":"internal","split":{"type":"continuous","featureIndex":4,"threshold":3.65235840811314}}
{"type":"leaf","values":[0.0,0.0,1.0,0.0,5.0,9.0,82.0,1.0,0.0,8.0]}
{"type":"leaf","values":[0.0,0.0,4.0,0.0,18.0,61.0,18.0,14.0,15.0,8.0]}
{"type":"internal","split":{"type":"continuous","featureIndex":7,"threshold":-0.49950145412863367}}
{"type":"leaf","values":[0.0,0.0,87.0,1.0,7.0,0.0,4.0,0.0,8.0,5.0]}
{"type":"leaf","values":[0.0,0.0,13.0,9.0,0.0,1.0,26.0,3.0,47.0,100.0]}
{"type":"internal","split":{"type":"continuous","featureIndex":4,"threshold":3.256603321245579}}
{"type":"internal","split":{"type":"continuous","featureIndex":4,"threshold":1.991206706026147}}
{"type":"leaf","values":[0.0,13.0,1.0,8.0,4.0,16.0,2436.0,1.0,0.0,5.0]}
{"type":"leaf","values":[0.0,6.0,11.0,17.0,26.0,48.0,458.0,19.0,8.0,28.0]}
{"type":"internal","split":{"type":"continuous","featureIndex":7,"threshold":0.441899907774194}}
{"type":"leaf","values":[0.0,0.0,54.0,21.0,223.0,40.0,250.0,39.0,51.0,39.0]}
{"type":"leaf","values":[0.0,0.0,3.0,16.0,20.0,222.0,45.0,23.0,45.0,40.0]}
