{"type":"internal","split":{"type":"continuous","featureIndex":1,"threshold":-0.967885782727522}}
{"type":"internal","split":{"type":"continuous","featureIndex":7,"threshold":-0.2689583237111515}}
{"type":"internal","split":{"type":"continuous","featureIndex":7,"threshold":-1.409499432516487}}
{"type":"internal","split":{"type":"continuous","featureIndex":6,"threshold":-1.4722715817573033}}
{"type":"internal","split":{"type":"continuous","featureIndex":2,"threshold":3.9684172933178847}}
{"type":"leaf","values":[0.0,1574.0,11.0,155.0,29.0,33.0,24.0,65.0,0.0,13.0]}
{"type":"leaf","values":[0.0,4.0,0.0,0.0,7.0,2.0,53.0,0.0,0.0,1.0]}
{"type":"internal","split":{"type":"continuous","featureIndex":3,"threshold":0.011228844145294847}}
{"type":"leaf","values":[0.0,1.0,0.0,16.0,5.0,0.0,1.0,186.0,0.0,0.0]}
{"type":"leaf","values":[0.0,154.0,0.0,87.0,6.0,0.0,12.0,324.0,2.0,10.0]}
{"type":"internal","split":{"type":"continuous","featureIndex":3,"threshold":2.0523955603872435}}
{"type":"internal","split":{"type":"continuous","featureIndex":6,"threshold":-0.8396167789590541}}
{"type":"leaf","values":[5.0,223.0,9.0,372.0,85.0,207.0,54.0,224.0,6.0,37.0]}
{"type":"leaf","values":[0.0,31.0,3.0,111.0,16.0,0.0,0.0,795.0,0.0,3.0]}
{"type":"internal","split":{"type":"continuous","featureIndex":5,"threshold":-0.36145055866544473}}
{"type":"leaf","values":[0.0,1082.0,16.0,101.0,3.0,0.0,10.0,66.0,3.0,3.0]}
{"type":"leaf","values":[3.0,270.0,7.0,383.0,1.0,0.0,32.0,172.0,7.0,47.0]}
{"type":"internal","split":{"type":"continuous","featureIndex":6,"threshold":-2.0147751639228346}}
{"type":"internal","split":{"type":"continuous","featureIndex":4,"threshold":3.1240370106315747}}
{"type":"internal","split":{"type":"continuous","featureIndex":3,"threshold":1.4875817255217907}}
{"type":"leaf","values":[0.0,8.0,1.0,20.0,8.0,72.0,53.0,33.0,5.0,3.0]}
{"type":"leaf","values":[1.0,720.0,6.0,169.0,3.0,0.0,8.0,16.0,18.0,43.0]}
{"type":"internal","split":{"type":"continuous","featureIndex":3,"threshold":0.7213629624042963}}
{"type":"leaf","values":[0.0,5.0,2.0,39.0,24.0,655.0,1.0,33.0,9.0,0.0]}
{"type":"leaf","values":[0.0,291.0,30.0,1115.0,13.0,23.0,2.0,246.0,217.0,14.0]}
{"type":"internal","split":{"type":"continuous","featureIndex":3,"threshold":2.3624275472035157}}
{"type":"internal","split":{"type":"continuous","featureIndex":6,"threshold":-0.31904047462520474}}
{"type":"leaf","values":[0.0,30.0,5.0,657.0,61.0,58.0,7.0,1106.0,55.0,80.0]}
{"type":"leaf","values":[0.0,1.0,0.0,71.0,27.0,0.0,0.0,540.0,0.0,22.0]}
{"type":"internal","split":{"type":"continuous","featureIndex":1,"threshold":-2.0915664892677324}}
{"type":"leaf","values":[0.0,8.0,2.0,682.0,0.0,0.0,0.0,476.0,8.0,36.0]}
{"type":"leaf","values":[0.0,8.0,17.0,298.0,0.0,0.0,3.0,118.0,104.0,213.0]}
{"type":"internal","split":{"type":"continuous","featureIndex":4,"threshold":0.9383612886872308}}
{"type":"internal","split":{"type":"continuous","featureIndex":5,"threshold":-0.48458654718628325}}
{"type":"internal","split":{"type":"continuous","featureIndex":0,"threshold":3.02825875489346}}
{"type":"internal","split":{"type":"continuous","featureIndex":3,"threshold":0.7213629624042963}}
{"type":"leaf","values":[1.0,4.0,0.0,0.0,1.0,3.0,2.0,2.0,0.0,0.0]}
{"type":"leaf","values":[0.0,0.0,0.0,0.0,0.0,0.0,0.0,0.0,0.0,14.0]}
{"type":"internal","split":{"type":"continuous","featureIndex":9,"threshold":-0.472380382079645}}
{"type":"leaf","values":[0.0,1.0,1.0,2.0,0.0,0.0,13.0,0.0,0.0,6.0]}
{"type":"leaf","values":[0.0,6.0,0.0,3.0,1.0,1.0,1385.0,4.0,0.0,4.0]}
{"type":"internal","split":{"type":"continuous","featureIndex":2,"threshold":1.2390181147297148}}
{"type":"internal","split":{"type":"continuous","featureIndex":6,"threshold":-1.3637760032130992}}
{"type":"leaf","values":[153.0,8.0,1.0,0.0,0.0,1.0,22.0,0.0,0.0,11.0]}
{"type":"leaf","values":[4.0,26.0,1.0,1.0,1.0,0.0,39.0,0.0,0.0,7.0]}
{"type":"internal","split":{"type":"continuous","featureIndex":9,"threshold":-0.472380382079645}}
{"type":"leaf","values":[0.0,0.0,1.0,0.0,0.0,0.0,6.0,0.0,0.0,23.0]}
{"type":"leaf","values":[7.0,0.0,3.0,0.0,2.0,2.0,849.0,0.0,0.0,44.0]}
{"type":"internal","split":{"type":"continuous","featureIndex":3,"threshold":0.7213629624042963}}
{"type":"internal","split":{"type":"continuous","featureIndex":5,"threshold":0.7683434172576458}}
{"type":"internal","split":{"type":"continuous","featureIndex":4,"threshold":3.65235840811314}}
{"type":"leaf","values":[241.0,35.0,34.0,60.0,570.0,372.0,266.0,54.0,44.0,259.0]}
{"type":"leaf","values":[24.0,11.0,23.0,10.0,2249.0,295.0,11.0,39.0,64.0,31.0]}
{"type":"internal","split":{"type":"continuous","featureIndex":1,"threshold":2.0574231424002027}}
{"type":"leaf","values":[12.0,4.0,31.0,1.0,98.0,1770.0,29.0,14.0,8.0,23.0]}
{"type":"leaf","values":[1.0,0.0,24.0,0.0,69.0,2.0,0.0,0.0,1.0,14.0]}
{"type":"internal","split":{"type":"continuous","featureIndex":0,"threshold":0.3645303714180198}}
{"type":"internal","split":{"type":"continuous","featureIndex":1,"threshold":0.13333817566229358}}
{"type":"leaf","values":[67.0,186.0,22.0,191.0,4.0,3.0,0.0,103.0,1.0,5.0]}
{"type":"leaf","values":[4551.0,105.0,54.0,57.0,20.0,48.0,0.0,24.0,69.0,30.0]}
{"type":"internal","split":{"type":"continuous","featureIndex":7,"threshold":-0.2689583237111515}}
{"type":"leaf","values":[229.0,110.0,3865.0,145.0,752.0,644.0,932.0,104.0,578.0,1170.0]}
{"type":"leaf","values":[263.0,305.0,782.0,279.0,909.0,548.0,1057.0,172.0,3590.0,2274.0]}
