{"type":"internal","split":{"type":"continuous","featureIndex":0,"threshold":0.3645303714180198}}
{"type":"internal","split":{"type":"continuous","featureIndex":1,"threshold":0.13333817566229358}}
{"type":"internal","split":{"type":"continuous","featureIndex":5,"threshold":0.022598154542608648}}
{"type":"internal","split":{"type":"continuous","featureIndex":9,"threshold":-1.1528295877652937}}
{"type":"internal","split":{"type":"continuous","featureIndex":2,"threshold":1.863164131888467}}
{"type":"leaf","values":[0.0,22.0,0.0,10.0,0.0,0.0,0.0,16.0,0.0,0.0]}
{"type":"leaf","values":[0.0,5.0,0.0,45.0,0.0,0.0,0.0,7.0,0.0,0.0]}
{"type":"internal","split":{"type":"continuous","featureIndex":6,"threshold":-2.1323910953250733}}
{"type":"leaf","values":[0.0,289.0,12.0,20.0,12.0,0.0,0.0,3.0,0.0,0.0]}
{"type":"leaf","values":[3.0,7.0,3.0,11.0,3.0,0.0,0.0,25.0,0.0,8.0]}
{"type":"internal","split":{"type":"continuous","featureIndex":8,"threshold":-0.8545484689261559}}
{"type":"internal","split":{"type":"continuous","featureIndex":9,"threshold":1.34424267517631}}
{"type":"leaf","values":[14.0,14.0,1.0,161.0,0.0,8.0,0.0,56.0,2.0,0.0]}
{"type":"leaf","values":[10.0,16.0,4.0,8.0,0.0,0.0,0.0,2.0,0.0,0.0]}
{"type":"internal","split":{"type":"continuous","featureIndex":9,"threshold":0.2292614505960789}}
{"type":"leaf","values":[0.0,0.0,0.0,6.0,0.0,0.0,0.0,1.0,0.0,0.0]}
{"type":"leaf","values":[64.0,0.0,0.0,0.0,0.0,3.0,0.0,1.0,0.0,0.0]}
{"type":"internal","split":{"type":"continuous","featureIndex":9,"threshold":-0.6146488538281043}}
{"type":"internal","split":{"type":"continuous","featureIndex":1,"threshold":1.0556046265710397}}
{"type":"internal","split":{"type":"continuous","featureIndex":2,"threshold":1.703696251282833}}
{"type":"leaf","values":[1.0,9.0,0.0,6.0,0.0,0.0,0.0,9.0,0.0,1.0]}
{"type":"leaf","values":[2.0,1.0,0.0,37.0,0.0,0.0,0.0,6.0,0.0,3.0]}
{"type":"internal","split":{"type":"continuous","featureIndex":3,"threshold":2.3624275472035157}}
{"type":"leaf","values":[14.0,2.0,0.0,1.0,0.0,0.0,0.0,1.0,0.0,0.0]}
{"type":"leaf","values":[1.0,4.0,0.0,4.0,0.0,0.0,0.0,3.0,0.0,0.0]}
{"type":"internal","split":{"type":"continuous","featureIndex":0,"threshold":-0.1072950505148259}}
{"type":"internal","split":{"type":"continuous","featureIndex":1,"threshold":0.46873088289675024}}
{"type":"leaf","values":[136.0,14.0,2.0,10.0,0.0,2.0,0.0,3.0,2.0,1.0]}
{"type":"leaf","values":[4158.0,46.0,5.0,2.0,11.0,12.0,0.0,0.0,13.0,1.0]}
{"type":"internal","split":{"type":"continuous","featureIndex":6,"threshold":-0.31904047462520474}}
{"type":"leaf","values":[450.0,23.0,50.0,9.0,50.0,43.0,0.0,8.0,62.0,44.0]}
{"type":"leaf","values":[302.0,1.0,0.0,0.0,2.0,0.0,0.0,1.0,0.0,3.0]}
{"type":"internal","split":{"type":"continuous","featureIndex":1,"threshold":-0.967885782727522}}
{"type":"internal","split":{"type":"continuous","featureIndex":6,"threshold":-2.251651245501365}}
{"type":"internal","split":{"type":"continuous","featureIndex":7,"threshold":-0.05901794893789725}}
{"type":"internal","split":{"type":"continuous","featureIndex":8,"threshold":-2.558148590685856}}
{"type":"leaf","values":[0.0,239.0,5.0,198.0,20.0,35.0,80.0,27.0,8.0,23.0]}
{"type":"leaf","values":[2.0,2526.0,16.0,254.0,78.0,196.0,38.0,37.0,12.0,2.0]}
{"type":"internal","split":{"type":"continuous","featureIndex":0,"threshold":2.8763668244426217}}
{"type":"leaf","values":[0.0,569.0,21.0,607.0,10.0,48.0,0.0,86.0,61.0,16.0]}
{"type":"leaf","values":[0.0,65.0,8.0,338.0,17.0,658.0,48.0,109.0,162.0,32.0]}
{"type":"internal","split":{"type":"continuous","featureIndex":7,"threshold":-1.859341870849155}}
{"type":"internal","split":{"type":"continuous","featureIndex":5,"threshold":-0.6176475919479391}}
{"type":"leaf","values":[0.0,55.0,2.0,27.0,2.0,0.0,9.0,244.0,0.0,0.0]}
{"type":"leaf","values":[0.0,262.0,0.0,44.0,0.0,0.0,20.0,69.0,0.0,9.0]}
{"type":"internal","split":{"type":"continuous","featureIndex":1,"threshold":-1.5374725543136019}}
{"type":"leaf","values":[1.0,364.0,10.0,2411.0,35.0,59.0,11.0,3304.0,62.0,223.0]}
{"type":"leaf","values":[1.0,105.0,40.0,368.0,101.0,76.0,41.0,452.0,134.0,276.0]}
{"type":"internal","split":{"type":"continuous","featureIndex":2,"threshold":-0.1414162115913787}}
{"type":"internal","split":{"type":"continuous","featureIndex":0,"threshold":6.204006283223545}}
{"type":"internal","split":{"type":"continuous","featureIndex":0,"threshold":3.564141302779809}}
{"type":"leaf","values":[105.0,95.0,1830.0,191.0,343.0,83.0,30.0,66.0,888.0,299.0]}
{"type":"leaf","values":[1.0,16.0,1153.0,46.0,75.0,169.0,428.0,11.0,477.0,1077.0]}
{"type":"internal","split":{"type":"continuous","featureIndex":9,"threshold":-0.9651959282655475}}
{"type":"leaf","values":[0.0,0.0,56.0,9.0,5.0,6.0,57.0,1.0,59.0,112.0]}
{"type":"leaf","values":[0.0,0.0,29.0,6.0,6.0,13.0,702.0,0.0,32.0,65.0]}
{"type":"internal","split":{"type":"continuous","featureIndex":3,"threshold":1.7731650578298566}}
{"type":"internal","split":{"type":"continuous","featureIndex":7,"threshold":0.8661950690165818}}
{"type":"leaf","values":[248.0,85.0,178.0,19.0,3455.0,2149.0,468.0,184.0,118.0,468.0]}
{"type":"leaf","values":[26.0,15.0,2.0,2.0,145.0,1081.0,334.0,27.0,60.0,20.0]}
{"type":"internal","split":{"type":"continuous","featureIndex":0,"threshold":5.71120677505325}}
{"type":"leaf","values":[170.0,256.0,1561.0,228.0,403.0,327.0,561.0,119.0,2609.0,1823.0]}
{"type":"leaf","values":[0.0,0.0,151.0,5.0,77.0,26.0,2101.0,0.0,136.0,116.0]}
