{"type":"internal","split":{"type":"continuous","featureIndex":3,"threshold":0.7213629624042963}}
{"type":"internal","split":{"type":"continuous","featureIndex":7,"threshold":0.5521841774128647}}
{"type":"internal","split":{"type":"continuous","featureIndex":2,"threshold":0.04985760622331656}}
{"type":"internal","split":{"type":"continuous","featureIndex":1,"threshold":-0.4497349704276334}}
{"type":"internal","split":{"type":"continuous","featureIndex":4,"threshold":1.587448544887786}}
{"type":"leaf","values":[0.0,126.0,0.0,3.0,0.0,2.0,4.0,4.0,0.0,0.0]}
{"type":"leaf","values":[0.0,51.0,7.0,424.0,16.0,88.0,10.0,785.0,7.0,4.0]}
{"type":"internal","split":{"type":"continuous","featureIndex":4,"threshold":2.181879263161636}}
{"type":"leaf","values":[1.0,11.0,6.0,11.0,3.0,11.0,135.0,0.0,0.0,39.0]}
{"type":"leaf","values":[1.0,3.0,43.0,6.0,180.0,65.0,38.0,2.0,54.0,48.0]}
{"type":"internal","split":{"type":"continuous","featureIndex":5,"threshold":1.1172413965438148}}
{"type":"internal","split":{"type":"continuous","featureIndex":4,"threshold":3.3937177622786825}}
{"type":"leaf","values":[203.0,17.0,17.0,60.0,399.0,237.0,218.0,276.0,20.0,188.0]}
{"type":"leaf","values":[29.0,12.0,9.0,11.0,2303.0,205.0,2.0,262.0,13.0,6.0]}
{"type":"internal","split":{"type":"continuous","featureIndex":2,"threshold":1.863164131888467}}
{"type":"leaf","values":[1.0,1.0,10.0,0.0,67.0,208.0,5.0,28.0,1.0,4.0]}
{"type":"leaf","values":[2.0,0.0,1.0,0.0,27.0,823.0,7.0,11.0,0.0,6.0]}
{"type":"internal","split":{"type":"continuous","featureIndex":5,"threshold":0.4415978124966301}}
{"type":"internal","split":{"type":"continuous","featureIndex":1,"threshold":0.46873088289675024}}
{"type":"internal","split":{"type":"continuous","featureIndex":1,"threshold":-2.3781749625156268}}
{"type":"leaf","values":[0.0,0.0,0.0,11.0,0.0,9.0,6.0,99.0,0.0,0.0]}
{"type":"leaf","values":[0.0,6.0,15.0,30.0,112.0,367.0,103.0,68.0,18.0,23.0]}
{"type":"internal","split":{"type":"continuous","featureIndex":0,"threshold":4.393206816152567}}
{"type":"leaf","values":[35.0,0.0,0.0,0.0,102.0,13.0,11.0,0.0,14.0,8.0]}
{"type":"leaf","values":[0.0,0.0,0.0,0.0,10.0,65.0,280.0,0.0,1.0,4.0]}
{"type":"internal","split":{"type":"continuous","featureIndex":4,"threshold":2.6808887360446323}}
{"type":"internal","split":{"type":"continuous","featureIndex":5,"threshold":0.9400828170992581}}
{"type":"leaf","values":[8.0,5.0,0.0,0.0,1.0,8.0,8.0,13.0,0.0,0.0]}
{"type":"leaf","values":[3.0,0.0,1.0,0.0,2.0,38.0,4.0,8.0,0.0,0.0]}
{"type":"internal","split":{"type":"continuous","featureIndex":1,"threshold":-2.6740482289857908}}
{"type":"leaf","values":[0.0,0.0,0.0,0.0,0.0,2.0,0.0,19.0,0.0,0.0]}
{"type":"leaf","values":[3.0,0.0,4.0,4.0,18.0,1374.0,7.0,18.0,6.0,10.0]}
{"type":"internal","split":{"type":"continuous","featureIndex":7,"threshold":-0.49950145412863367}}
{"type":"internal","split":{"type":"continuous","featureIndex":4,"threshold":2.994375841688764}}
{"type":"internal","split":{"type":"continuous","featureIndex":2,"threshold":3.567695339174506}}
{"type":"internal","split":{"type":"continuous","featureIndex":5,"threshold":0.6027641764968297}}
{"type":"leaf","values":[31.0,2031.0,442.0,96.0,62.0,6.0,136.0,39.0,24.0,348.0]}
{"type":"leaf","values":[6.0,212.0,516.0,52.0,7.0,59.0,90.0,23.0,5.0,364.0]}
{"type":"internal","split":{"type":"continuous","featureIndex":0,"threshold":3.942490927574884}}
{"type":"leaf","values":[0.0,38.0,3.0,5.0,11.0,6.0,11.0,0.0,29.0,147.0]}
{"type":"leaf","values":[0.0,9.0,4.0,5.0,10.0,6.0,620.0,1.0,0.0,8.0]}
{"type":"internal","split":{"type":"continuous","featureIndex":2,"threshold":1.0907752435346976}}
{"type":"internal","split":{"type":"continuous","featureIndex":9,"threshold":0.5257992858929296}}
{"type":"leaf","values":[3.0,111.0,1530.0,106.0,148.0,8.0,54.0,237.0,158.0,51.0]}
{"type":"leaf","values":[6.0,364.0,484.0,375.0,60.0,5.0,13.0,374.0,78.0,16.0]}
{"type":"internal","split":{"type":"continuous","featureIndex":0,"threshold":0.7396009557955203}}
{"type":"leaf","values":[203.0,8.0,7.0,48.0,0.0,31.0,3.0,14.0,3.0,6.0]}
{"type":"leaf","values":[52.0,140.0,653.0,141.0,394.0,464.0,369.0,166.0,157.0,213.0]}
{"type":"internal","split":{"type":"continuous","featureIndex":1,"threshold":-0.4497349704276334}}
{"type":"internal","split":{"type":"continuous","featureIndex":5,"threshold":-1.72900304475088}}
{"type":"internal","split":{"type":"continuous","featureIndex":9,"threshold":0.05043808148420283}}
{"type":"leaf","values":[0.0,649.0,2.0,154.0,8.0,0.0,0.0,129.0,66.0,6.0]}
{"type":"leaf","values":[1.0,95.0,40.0,44.0,34.0,0.0,7.0,11.0,182.0,5.0]}
{"type":"internal","split":{"type":"continuous","featureIndex":6,"threshold":-1.900708330001513}}
{"type":"leaf","values":[11.0,768.0,45.0,1500.0,31.0,40.0,84.0,383.0,308.0,127.0]}
{"type":"leaf","values":[1.0,38.0,52.0,1542.0,22.0,5.0,31.0,1863.0,129.0,577.0]}
{"type":"internal","split":{"type":"continuous","featureIndex":0,"threshold":0.3645303714180198}}
{"type":"internal","split":{"type":"continuous","featureIndex":3,"threshold":2.509559648443465}}
{"type":"leaf","values":[4483.0,113.0,24.0,31.0,29.0,30.0,0.0,29.0,34.0,2.0]}
{"type":"leaf","values":[330.0,86.0,30.0,96.0,3.0,3.0,0.0,20.0,27.0,4.0]}
{"type":"internal","split":{"type":"continuous","featureIndex":4,"threshold":1.991206706026147}}
{"type":"leaf","values":[67.0,4.0,70.0,11.0,18.0,16.0,2099.0,0.0,13.0,392.0]}
{"type":"leaf","values":[284.0,189.0,1088.0,140.0,989.0,657.0,564.0,74.0,3542.0,1889.0]}
