{"type":"internal","split":{"type":"continuous","featureIndex":4,"threshold":0.9383612886872308}}
{"type":"internal","split":{"type":"continuous","featureIndex":7,"threshold":-0.3810367340306513}}
{"type":"internal","split":{"type":"continuous","featureIndex":8,"threshold":-2.6890277451256273}}
{"type":"internal","split":{"type":"continuous","featureIndex":1,"threshold":-1.8190886820995387}}
{"type":"internal","split":{"type":"continuous","featureIndex":0,"threshold":6.204006283223545}}
{"type":"leaf","values":[0.0,37.0,0.0,1.0,0.0,0.0,0.0,0.0,0.0,0.0]}
{"type":"leaf","values":[0.0,2.0,0.0,0.0,0.0,0.0,9.0,0.0,0.0,0.0]}
{"type":"internal","split":{"type":"continuous","featureIndex":2,"threshold":-0.1414162115913787}}
{"type":"leaf","values":[0.0,23.0,0.0,0.0,0.0,0.0,9.0,0.0,0.0,0.0]}
{"type":"leaf","values":[0.0,0.0,2.0,0.0,0.0,2.0,366.0,0.0,0.0,3.0]}
{"type":"internal","split":{"type":"continuous","featureIndex":7,"threshold":-0.9001489861404992}}
{"type":"internal","split":{"type":"continuous","featureIndex":2,"threshold":3.0133343314772008}}
{"type":"leaf","values":[0.0,269.0,6.0,5.0,1.0,7.0,14.0,0.0,1.0,10.0]}
{"type":"leaf","values":[0.0,4.0,0.0,0.0,0.0,0.0,79.0,0.0,0.0,4.0]}
{"type":"internal","split":{"type":"continuous","featureIndex":0,"threshold":5.71120677505325}}
{"type":"leaf","values":[0.0,57.0,3.0,5.0,5.0,1.0,14.0,1.0,0.0,27.0]}
{"type":"leaf","values":[0.0,0.0,0.0,0.0,0.0,0.0,66.0,0.0,0.0,0.0]}
{"type":"internal","split":{"type":"continuous","featureIndex":4,"threshold":0.24474975603032578}}
{"type":"internal","split":{"type":"continuous","featureIndex":1,"threshold":-1.5374725543136019}}
{"type":"internal","split":{"type":"continuous","featureIndex":0,"threshold":2.708899708145953}}
{"type":"leaf","values":[0.0,0.0,0.0,2.0,0.0,0.0,0.0,0.0,0.0,0.0]}
{"type":"leaf","values":[0.0,10.0,0.0,0.0,0.0,0.0,0.0,0.0,0.0,0.0]}
{"type":"internal","split":{"type":"continuous","featureIndex":0,"threshold":3.02825875489346}}
{"type":"leaf","values":[0.0,8.0,0.0,2.0,0.0,0.0,4.0,0.0,0.0,1.0]}
{"type":"leaf","values":[0.0,10.0,0.0,0.0,0.0,1.0,1210.0,0.0,0.0,1.0]}
{"type":"internal","split":{"type":"continuous","featureIndex":5,"threshold":0.16111281769544045}}
{"type":"internal","split":{"type":"continuous","featureIndex":9,"threshold":-0.7787465072369943}}
{"type":"leaf","values":[0.0,16.0,1.0,5.0,0.0,0.0,2.0,1.0,0.0,14.0]}
{"type":"leaf","values":[26.0,10.0,0.0,10.0,1.0,4.0,565.0,8.0,0.0,32.0]}
{"type":"internal","split":{"type":"continuous","featureIndex":2,"threshold":1.3945945635177517}}
{"type":"leaf","values":[132.0,2.0,0.0,1.0,0.0,0.0,5.0,0.0,0.0,3.0]}
{"type":"leaf","values":[5.0,0.0,0.0,0.0,0.0,1.0,110.0,0.0,0.0,11.0]}
{"type":"internal","split":{"type":"continuous","featureIndex":0,"threshold":-0.1072950505148259}}
{"type":"internal","split":{"type":"continuous","featureIndex":0,"threshold":-0.4773546541291728}}
{"type":"internal","split":{"type":"continuous","featureIndex":9,"threshold":-0.6146488538281043}}
{"type":"internal","split":{"type":"continuous","featureIndex":1,"threshold":1.505124364132455}}
{"type":"leaf","values":[2.0,4.0,0.0,9.0,0.0,0.0,0.0,1.0,0.0,0.0]}
{"type":"leaf","values":[6.0,0.0,0.0,0.0,0.0,0.0,0.0,0.0,0.0,0.0]}
{"type":"internal","split":{"type":"continuous","featureIndex":7,"threshold":-0.3810367340306513}}
{"type":"leaf","values":[8.0,2.0,0.0,3.0,0.0,0.0,0.0,0.0,0.0,0.0]}
{"type":"leaf","values":[2999.0,32.0,0.0,16.0,4.0,1.0,0.0,3.0,0.0,0.0]}
{"type":"internal","split":{"type":"continuous","featureIndex":8,"threshold":-1.1743746298259703}}
{"type":"internal","split":{"type":"continuous","featureIndex":1,"threshold":0.6171650601229599}}
{"type":"leaf","values":[24.0,61.0,5.0,66.0,2.0,4.0,0.0,21.0,1.0,0.0]}
{"type":"leaf","values":[769.0,22.0,8.0,3.0,11.0,9.0,0.0,8.0,10.0,0.0]}
{"type":"internal","split":{"type":"continuous","featureIndex":1,"threshold":-0.04746084110752079}}
{"type":"leaf","values":[0.0,8.0,1.0,2.0,0.0,0.0,0.0,0.0,0.0,0.0]}
{"type":"leaf","values":[385.0,8.0,1.0,0.0,2.0,2.0,0.0,3.0,4.0,0.0]}
{"type":"internal","split":{"type":"continuous","featureIndex":1,"threshold":-0.967885782727522}}
{"type":"internal","split":{"type":"continuous","featureIndex":6,"threshold":-2.0147751639228346}}
{"type":"internal","split":{"type":"continuous","featureIndex":3,"threshold":0.7213629624042963}}
{"type":"leaf","values":[0.0,26.0,5.0,172.0,105.0,880.0,31.0,71.0,5.0,2.0]}
{"type":"leaf","values":[4.0,3525.0,58.0,1646.0,35.0,42.0,92.0,316.0,271.0,72.0]}
{"type":"internal","split":{"type":"continuous","featureIndex":2,"threshold":-1.28057751234059}}
{"type":"leaf","values":[0.0,173.0,3.0,592.0,0.0,0.0,0.0,376.0,8.0,32.0]}
{"type":"leaf","values":[0.0,317.0,27.0,1840.0,170.0,84.0,33.0,3502.0,164.0,407.0]}
{"type":"internal","split":{"type":"continuous","featureIndex":5,"threshold":1.811304628536242}}
{"type":"internal","split":{"type":"continuous","featureIndex":3,"threshold":1.063308434047595}}
{"type":"leaf","values":[265.0,76.0,168.0,84.0,3276.0,1197.0,429.0,171.0,225.0,480.0]}
{"type":"leaf","values":[802.0,496.0,4461.0,530.0,1329.0,221.0,1621.0,300.0,4127.0,2802.0]}
{"type":"internal","split":{"type":"continuous","featureIndex":1,"threshold":1.505124364132455}}
{"type":"leaf","values":[184.0,0.0,128.0,32.0,14.0,2207.0,222.0,62.0,19.0,276.0]}
{"type":"leaf","values":[18.0,0.0,241.0,1.0,29.0,162.0,35.0,2.0,15.0,229.0]}
