{"type":"internal","split":{"type":"continuous","featureIndex":0,"threshold":0.3645303714180198}}
{"type":"internal","split":{"type":"continuous","featureIndex":2,"threshold":0.04985760622331656}}
{"type":"internal","split":{"type":"continuous","featureIndex":1,"threshold":-0.04746084110752079}}
{"type":"internal","split":{"type":"continuous","featureIndex":8,"threshold":-2.558148590685856}}
{"type":"internal","split":{"type":"continuous","featureIndex":1,"threshold":-0.7040811311130016}}
{"type":"leaf","values":[0.0,0.0,1.0,0.0,0.0,0.0,0.0,4.0,0.0,0.0]}
{"type":"leaf","values":[0.0,1.0,0.0,2.0,0.0,0.0,0.0,1.0,0.0,0.0]}
{"type":"internal","split":{"type":"continuous","featureIndex":6,"threshold":-2.6043261537114883}}
{"type":"leaf","values":[2.0,83.0,10.0,1.0,6.0,0.0,0.0,0.0,0.0,0.0]}
{"type":"leaf","values":[3.0,4.0,5.0,8.0,0.0,0.0,0.0,12.0,0.0,0.0]}
{"type":"internal","split":{"type":"continuous","featureIndex":2,"threshold":-0.3534860274898197}}
{"type":"internal","split":{"type":"continuous","featureIndex":1,"threshold":1.3497647649772624}}
{"type":"leaf","values":[2.0,11.0,22.0,4.0,4.0,0.0,0.0,0.0,0.0,0.0]}
{"type":"leaf","values":[0.0,0.0,0.0,0.0,11.0,0.0,0.0,0.0,0.0,0.0]}
{"type":"internal","split":{"type":"continuous","featureIndex":7,"threshold":0.13299706815087833}}
{"type":"leaf","values":[0.0,0.0,4.0,0.0,7.0,0.0,0.0,0.0,0.0,0.0]}
{"type":"leaf","values":[73.0,7.0,6.0,0.0,8.0,0.0,0.0,1.0,1.0,0.0]}
{"type":"internal","split":{"type":"continuous","featureIndex":1,"threshold":0.13333817566229358}}
{"type":"internal","split":{"type":"continuous","featureIndex":5,"threshold":-0.6176475919479391}}
{"type":"internal","split":{"type":"continuous","featureIndex":2,"threshold":1.703696251282833}}
{"type":"leaf","values":[1.0,197.0,4.0,3.0,1.0,0.0,0.0,20.0,0.0,3.0]}
{"type":"leaf","values":[1.0,31.0,0.0,39.0,0.0,0.0,0.0,14.0,0.0,0.0]}
{"type":"internal","split":{"type":"continuous","featureIndex":3,"threshold":3.1505154348236335}}
{"type":"leaf","values":[44.0,42.0,0.0,77.0,8.0,9.0,0.0,65.0,0.0,0.0]}
{"type":"leaf","values":[3.0,8.0,0.0,117.0,0.0,0.0,0.0,7.0,0.0,0.0]}
{"type":"internal","split":{"type":"continuous","featureIndex":0,"threshold":-0.1072950505148259}}
{"type":"internal","split":{"type":"continuous","featureIndex":7,"threshold":-0.49950145412863367}}
{"type":"leaf","values":[41.0,0.0,3.0,1.0,0.0,4.0,0.0,0.0,0.0,5.0]}
{"type":"leaf","values":[4333.0,47.0,1.0,40.0,8.0,15.0,0.0,18.0,12.0,2.0]}
{"type":"internal","split":{"type":"continuous","featureIndex":9,"threshold":0.1386688887531996}}
{"type":"leaf","values":[38.0,29.0,11.0,17.0,5.0,4.0,0.0,17.0,13.0,43.0]}
{"type":"leaf","values":[628.0,14.0,8.0,2.0,24.0,54.0,0.0,2.0,30.0,15.0]}
{"type":"internal","split":{"type":"continuous","featureIndex":0,"threshold":6.204006283223545}}
{"type":"internal","split":{"type":"continuous","featureIndex":5,"threshold":1.811304628536242}}
{"type":"internal","split":{"type":"continuous","featureIndex":4,"threshold":2.994375841688764}}
{"type":"internal","split":{"type":"continuous","featureIndex":0,"threshold":4.674931713811517}}
{"type":"leaf","values":[180.0,3170.0,1066.0,627.0,446.0,352.0,346.0,632.0,282.0,2197.0]}
{"type":"leaf","values":[0.0,134.0,102.0,68.0,81.0,125.0,853.0,105.0,17.0,293.0]}
{"type":"internal","split":{"type":"continuous","featureIndex":3,"threshold":1.2082575989192104}}
{"type":"leaf","values":[105.0,75.0,105.0,669.0,3164.0,1383.0,35.0,1544.0,246.0,149.0]}
{"type":"leaf","values":[160.0,1148.0,3237.0,3239.0,901.0,105.0,240.0,2152.0,4072.0,1098.0]}
{"type":"internal","split":{"type":"continuous","featureIndex":1,"threshold":1.505124364132455}}
{"type":"internal","split":{"type":"continuous","featureIndex":3,"threshold":1.9114528405896953}}
{"type":"leaf","values":[23.0,5.0,29.0,5.0,17.0,2224.0,32.0,87.0,1.0,28.0]}
{"type":"leaf","values":[82.0,27.0,109.0,127.0,0.0,141.0,96.0,87.0,18.0,312.0]}
{"type":"internal","split":{"type":"continuous","featureIndex":3,"threshold":2.509559648443465}}
{"type":"leaf","values":[2.0,0.0,84.0,0.0,24.0,136.0,3.0,0.0,5.0,54.0]}
{"type":"leaf","values":[1.0,0.0,155.0,3.0,0.0,13.0,9.0,0.0,15.0,139.0]}
{"type":"internal","split":{"type":"continuous","featureIndex":4,"threshold":2.6808887360446323}}
{"type":"internal","split":{"type":"continuous","featureIndex":1,"threshold":-2.6740482289857908}}
{"type":"internal","split":{"type":"continuous","featureIndex":0,"threshold":6.960907279078893}}
{"type":"leaf","values":[0.0,17.0,0.0,1.0,0.0,0.0,0.0,0.0,0.0,0.0]}
{"type":"leaf","values":[0.0,0.0,0.0,0.0,0.0,0.0,1.0,0.0,0.0,0.0]}
{"type":"internal","split":{"type":"continuous","featureIndex":3,"threshold":-1.3331305229537485}}
{"type":"leaf","values":[0.0,0.0,0.0,2.0,0.0,12.0,21.0,7.0,0.0,0.0]}
{"type":"leaf","values":[0.0,7.0,8.0,8.0,23.0,15.0,2825.0,3.0,2.0,54.0]}
{"type":"internal","split":{"type":"continuous","featureIndex":5,"threshold":-0.11132131130794114}}
{"type":"internal","split":{"type":"continuous","featureIndex":2,"threshold":1.703696251282833}}
{"type":"leaf","values":[0.0,3.0,102.0,48.0,34.0,64.0,113.0,57.0,126.0,62.0]}
{"type":"leaf","values":[0.0,0.0,22.0,9.0,199.0,17.0,36.0,7.0,9.0,0.0]}
{"type":"internal","split":{"type":"continuous","featureIndex":7,"threshold":0.034864969296093506}}
{"type":"leaf","values":[0.0,6.0,43.0,6.0,9.0,32.0,255.0,2.0,22.0,41.0]}
{"type":"leaf","values":[0.0,0.0,2.0,7.0,5.0,255.0,122.0,12.0,21.0,95.0]}
