{"type":"internal","split":{"type":"continuous","featureIndex":0,"threshold":0.3645303714180198}}
{"type":"internal","split":{"type":"continuous","featureIndex":1,"threshold":0.13333817566229358}}
{"type":"internal","split":{"type":"continuous","featureIndex":5,"threshold":0.16111281769544045}}
{"type":"internal","split":{"type":"continuous","featureIndex":2,"threshold":1.863164131888467}}
{"type":"internal","split":{"type":"continuous","featureIndex":6,"threshold":-2.6043261537114883}}
{"type":"leaf","values":[0.0,282.0,15.0,14.0,4.0,0.0,0.0,0.0,1.0,0.0]}
{"type":"leaf","values":[4.0,34.0,4.0,24.0,6.0,0.0,0.0,46.0,0.0,3.0]}
{"type":"internal","split":{"type":"continuous","featureIndex":7,"threshold":-0.2689583237111515}}
{"type":"leaf","values":[0.0,3.0,0.0,23.0,0.0,0.0,0.0,1.0,0.0,6.0]}
{"type":"leaf","values":[1.0,30.0,0.0,42.0,0.0,0.0,0.0,19.0,0.0,0.0]}
{"type":"internal","split":{"type":"continuous","featureIndex":1,"threshold":-0.04746084110752079}}
{"type":"internal","split":{"type":"continuous","featureIndex":9,"threshold":1.4846480365185866}}
{"type":"leaf","values":[10.0,12.0,0.0,164.0,0.0,6.0,0.0,46.0,0.0,0.0]}
{"type":"leaf","values":[8.0,15.0,1.0,3.0,0.0,0.0,0.0,0.0,0.0,0.0]}
{"type":"internal","split":{"type":"continuous","featureIndex":9,"threshold":0.4322191700174882}}
{"type":"leaf","values":[0.0,0.0,0.0,7.0,0.0,2.0,0.0,7.0,1.0,0.0]}
{"type":"leaf","values":[40.0,2.0,2.0,3.0,0.0,3.0,0.0,0.0,0.0,0.0]}
{"type":"internal","split":{"type":"continuous","featureIndex":3,"threshold":0.26325049783709353}}
{"type":"internal","split":{"type":"continuous","featureIndex":8,"threshold":-1.4834098279514683}}
{"type":"internal","split":{"type":"continuous","featureIndex":6,"threshold":-2.251651245501365}}
{"type":"leaf","values":[0.0,0.0,0.0,0.0,14.0,0.0,0.0,0.0,0.0,0.0]}
{"type":"leaf","values":[11.0,0.0,0.0,0.0,10.0,5.0,0.0,0.0,0.0,18.0]}
{"type":"internal","split":{"type":"continuous","featureIndex":6,"threshold":-1.4722715817573033}}
{"type":"leaf","values":[0.0,0.0,0.0,0.0,21.0,1.0,0.0,0.0,0.0,0.0]}
{"type":"leaf","values":[0.0,0.0,0.0,0.0,1.0,3.0,0.0,0.0,0.0,0.0]}
{"type":"internal","split":{"type":"continuous","featureIndex":9,"threshold":-0.6146488538281043}}
{"type":"internal","split":{"type":"continuous","featureIndex":6,"threshold":-1.7992806119437712}}
{"type":"leaf","values":[16.0,10.0,0.0,21.0,1.0,0.0,0.0,3.0,4.0,0.0]}
{"type":"leaf","values":[1.0,0.0,0.0,6.0,0.0,0.0,0.0,25.0,0.0,0.0]}
{"type":"internal","split":{"type":"continuous","featureIndex":4,"threshold":2.3582431420044507}}
{"type":"leaf","values":[2676.0,19.0,24.0,4.0,5.0,2.0,0.0,6.0,7.0,24.0]}
{"type":"leaf","values":[2415.0,70.0,26.0,13.0,38.0,64.0,0.0,10.0,77.0,11.0]}
{"type":"internal","split":{"type":"continuous","featureIndex":4,"threshold":1.2945481985421252}}
{"type":"internal","split":{"type":"continuous","featureIndex":1,"threshold":-1.2638350832725433}}
{"type":"internal","split":{"type":"continuous","featureIndex":7,"threshold":-0.05901794893789725}}
{"type":"internal","split":{"type":"continuous","featureIndex":3,"threshold":0.5096680803881851}}
{"type":"leaf","values":[0.0,30.0,0.0,11.0,11.0,4.0,19.0,1.0,0.0,1.0]}
{"type":"leaf","values":[0.0,617.0,0.0,5.0,0.0,0.0,23.0,0.0,0.0,2.0]}
{"type":"internal","split":{"type":"continuous","featureIndex":6,"threshold":-1.4722715817573033}}
{"type":"leaf","values":[0.0,33.0,0.0,6.0,1.0,0.0,14.0,0.0,2.0,16.0]}
{"type":"leaf","values":[0.0,1.0,0.0,1.0,0.0,1.0,1.0,8.0,0.0,25.0]}
{"type":"internal","split":{"type":"continuous","featureIndex":1,"threshold":-0.2382700981042685}}
{"type":"internal","split":{"type":"continuous","featureIndex":9,"threshold":0.33553577562588766}}
{"type":"leaf","values":[0.0,82.0,0.0,5.0,0.0,18.0,45.0,7.0,0.0,68.0]}
{"type":"leaf","values":[0.0,22.0,0.0,13.0,4.0,7.0,255.0,5.0,0.0,37.0]}
{"type":"internal","split":{"type":"continuous","featureIndex":0,"threshold":3.564141302779809}}
{"type":"leaf","values":[1.0,6.0,44.0,2.0,3.0,11.0,33.0,0.0,0.0,164.0]}
{"type":"leaf","values":[0.0,1.0,20.0,1.0,11.0,8.0,2481.0,0.0,3.0,44.0]}
{"type":"internal","split":{"type":"continuous","featureIndex":5,"threshold":1.811304628536242}}
{"type":"internal","split":{"type":"continuous","featureIndex":1,"threshold":-0.967885782727522}}
{"type":"internal","split":{"type":"continuous","featureIndex":7,"threshold":-0.2689583237111515}}
{"type":"leaf","values":[8.0,2597.0,35.0,1151.0,163.0,157.0,94.0,1818.0,35.0,84.0]}
{"type":"leaf","values":[0.0,910.0,66.0,2822.0,131.0,557.0,21.0,2330.0,346.0,341.0]}
{"type":"internal","split":{"type":"continuous","featureIndex":7,"threshold":0.13299706815087833}}
{"type":"leaf","values":[285.0,189.0,3981.0,242.0,3355.0,528.0,976.0,227.0,1033.0,1407.0]}
{"type":"leaf","values":[151.0,206.0,448.0,225.0,1182.0,902.0,790.0,144.0,3401.0,1682.0]}
{"type":"internal","split":{"type":"continuous","featureIndex":5,"threshold":2.741120459604147}}
{"type":"internal","split":{"type":"continuous","featureIndex":3,"threshold":1.635261538172867}}
{"type":"leaf","values":[5.0,3.0,40.0,4.0,31.0,1199.0,24.0,79.0,3.0,30.0]}
{"type":"leaf","values":[108.0,25.0,278.0,140.0,0.0,112.0,210.0,97.0,23.0,470.0]}
{"type":"internal","split":{"type":"continuous","featureIndex":1,"threshold":2.2695147532817073}}
{"type":"leaf","values":[13.0,2.0,36.0,10.0,6.0,1431.0,19.0,48.0,5.0,49.0]}
{"type":"leaf","values":[0.0,0.0,21.0,0.0,1.0,4.0,0.0,0.0,0.0,8.0]}
