{"type":"internal","split":{"type":"continuous","featureIndex":3,"threshold":0.7213629624042963}}
{"type":"internal","split":{"type":"continuous","featureIndex":5,"threshold":0.7683434172576458}}
{"type":"internal","split":{"type":"continuous","featureIndex":1,"threshold":-0.967885782727522}}
{"type":"internal","split":{"type":"continuous","featureIndex":6,"threshold":-1.3637760032130992}}
{"type":"internal","split":{"type":"continuous","featureIndex":3,"threshold":-1.3331305229537485}}
{"type":"leaf","values":[0.0,0.0,0.0,23.0,1.0,351.0,7.0,21.0,0.0,0.0]}
{"type":"leaf","values":[0.0,75.0,4.0,327.0,146.0,93.0,81.0,144.0,15.0,6.0]}
{"type":"internal","split":{"type":"continuous","featureIndex":2,"threshold":2.590313207845208}}
{"type":"leaf","values":[0.0,40.0,0.0,163.0,25.0,8.0,1.0,1113.0,5.0,13.0]}
{"type":"leaf","values":[0.0,2.0,3.0,0.0,41.0,3.0,7.0,50.0,2.0,0.0]}
{"type":"internal","split":{"type":"continuous","featureIndex":4,"threshold":2.994375841688764}}
{"type":"internal","split":{"type":"continuous","featureIndex":6,"threshold":-2.0147751639228346}}
{"type":"leaf","values":[55.0,10.0,11.0,22.0,106.0,201.0,472.0,7.0,1.0,45.0]}
{"type":"leaf","values":[189.0,43.0,8.0,24.0,148.0,31.0,144.0,39.0,22.0,162.0]}
{"type":"internal","split":{"type":"continuous","featureIndex":7,"threshold":1.0991401371060923}}
{"type":"leaf","values":[63.0,7.0,34.0,27.0,2523.0,200.0,15.0,79.0,76.0,36.0]}
{"type":"leaf","values":[0.0,0.0,1.0,1.0,27.0,235.0,13.0,1.0,11.0,16.0]}
{"type":"internal","split":{"type":"continuous","featureIndex":5,"threshold":1.5452486071680047}}
{"type":"internal","split":{"type":"continuous","featureIndex":9,"threshold":0.6171637365143288}}
{"type":"internal","split":{"type":"continuous","featureIndex":3,"threshold":-0.3170265215633892}}
{"type":"leaf","values":[0.0,0.0,0.0,0.0,13.0,323.0,0.0,12.0,0.0,2.0]}
{"type":"leaf","values":[13.0,3.0,25.0,1.0,35.0,150.0,24.0,33.0,13.0,29.0]}
{"type":"internal","split":{"type":"continuous","featureIndex":2,"threshold":2.7897876847208165}}
{"type":"leaf","values":[8.0,6.0,0.0,3.0,60.0,10.0,0.0,27.0,1.0,2.0]}
{"type":"leaf","values":[0.0,0.0,0.0,0.0,6.0,26.0,7.0,1.0,5.0,0.0]}
{"type":"internal","split":{"type":"continuous","featureIndex":1,"threshold":1.8721421085297305}}
{"type":"internal","split":{"type":"continuous","featureIndex":8,"threshold":-2.6890277451256273}}
{"type":"leaf","values":[0.0,0.0,6.0,0.0,17.0,235.0,2.0,17.0,0.0,0.0]}
{"type":"leaf","values":[2.0,0.0,4.0,0.0,11.0,1743.0,11.0,16.0,0.0,3.0]}
{"type":"internal","split":{"type":"continuous","featureIndex":8,"threshold":-1.3845546070745116}}
{"type":"leaf","values":[0.0,0.0,7.0,0.0,27.0,6.0,0.0,0.0,0.0,0.0]}
{"type":"leaf","values":[0.0,0.0,0.0,0.0,0.0,0.0,0.0,0.0,0.0,7.0]}
{"type":"internal","split":{"type":"continuous","featureIndex":1,"threshold":-0.7040811311130016}}
{"type":"internal","split":{"type":"continuous","featureIndex":4,"threshold":2.994375841688764}}
{"type":"internal","split":{"type":"continuous","featureIndex":7,"threshold":-0.16449756042679126}}
{"type":"internal","split":{"type":"continuous","featureIndex":1,"threshold":-1.5374725543136019}}
{"type":"leaf","values":[3.0,2452.0,2.0,119.0,4.0,0.0,17.0,54.0,2.0,19.0]}
{"type":"leaf","values":[0.0,197.0,20.0,47.0,6.0,3.0,87.0,18.0,9.0,108.0]}
{"type":"internal","split":{"type":"continuous","featureIndex":0,"threshold":1.6625193787165164}}
{"type":"leaf","values":[1.0,445.0,6.0,188.0,0.0,0.0,0.0,53.0,4.0,48.0]}
{"type":"leaf","values":[0.0,233.0,10.0,170.0,2.0,1.0,20.0,161.0,44.0,314.0]}
{"type":"internal","split":{"type":"continuous","featureIndex":6,"threshold":-2.872906193976381}}
{"type":"internal","split":{"type":"continuous","featureIndex":6,"threshold":-3.990777480180709}}
{"type":"leaf","values":[0.0,567.0,8.0,76.0,34.0,1.0,18.0,7.0,31.0,0.0]}
{"type":"leaf","values":[0.0,359.0,41.0,522.0,20.0,24.0,26.0,36.0,140.0,9.0]}
{"type":"internal","split":{"type":"continuous","featureIndex":3,"threshold":2.670062992781842}}
{"type":"leaf","values":[0.0,128.0,22.0,1120.0,61.0,38.0,14.0,2007.0,95.0,45.0]}
{"type":"leaf","values":[2.0,63.0,59.0,1686.0,3.0,0.0,31.0,597.0,217.0,133.0]}
{"type":"internal","split":{"type":"continuous","featureIndex":0,"threshold":0.3645303714180198}}
{"type":"internal","split":{"type":"continuous","featureIndex":1,"threshold":0.13333817566229358}}
{"type":"internal","split":{"type":"continuous","featureIndex":5,"threshold":-0.8565738197170822}}
{"type":"leaf","values":[0.0,104.0,8.0,21.0,2.0,0.0,0.0,2.0,0.0,0.0]}
{"type":"leaf","values":[67.0,39.0,4.0,122.0,0.0,1.0,0.0,58.0,3.0,3.0]}
{"type":"internal","split":{"type":"continuous","featureIndex":9,"threshold":-0.6146488538281043}}
{"type":"leaf","values":[11.0,15.0,0.0,41.0,0.0,0.0,0.0,17.0,2.0,1.0]}
{"type":"leaf","values":[4747.0,88.0,43.0,26.0,22.0,54.0,0.0,10.0,63.0,22.0]}
{"type":"internal","split":{"type":"continuous","featureIndex":4,"threshold":1.587448544887786}}
{"type":"internal","split":{"type":"continuous","featureIndex":4,"threshold":0.9383612886872308}}
{"type":"leaf","values":[0.0,7.0,10.0,0.0,2.0,0.0,1940.0,0.0,0.0,73.0]}
{"type":"leaf","values":[16.0,8.0,104.0,2.0,14.0,5.0,500.0,1.0,4.0,318.0]}
{"type":"internal","split":{"type":"continuous","featureIndex":7,"threshold":-0.2689583237111515}}
{"type":"leaf","values":[185.0,49.0,3869.0,114.0,744.0,700.0,697.0,71.0,598.0,954.0]}
{"type":"leaf","values":[290.0,186.0,778.0,196.0,852.0,582.0,678.0,113.0,3523.0,2054.0]}
