{"type":"internal","split":{"type":"continuous","featureIndex":3,"threshold":0.7213629624042963}}
{"type":"internal","split":{"type":"continuous","featureIndex":5,"threshold":0.7683434172576458}}
{"type":"internal","split":{"type":"continuous","featureIndex":2,"threshold":0.43726750378124773}}
{"type":"internal","split":{"type":"continuous","featureIndex":6,"threshold":-0.9905923782456896}}
{"type":"internal","split":{"type":"continuous","featureIndex":3,"threshold":-1.3331305229537485}}
{"type":"leaf","values":[0.0,0.0,0.0,32.0,0.0,375.0,16.0,43.0,0.0,0.0]}
{"type":"leaf","values":[12.0,109.0,42.0,375.0,343.0,113.0,434.0,90.0,84.0,96.0]}
{"type":"internal","split":{"type":"continuous","featureIndex":3,"threshold":0.011228844145294847}}
{"type":"leaf","values":[0.0,13.0,0.0,28.0,2.0,3.0,1.0,468.0,2.0,0.0]}
{"type":"leaf","values":[2.0,34.0,2.0,60.0,6.0,1.0,12.0,300.0,11.0,28.0]}
{"type":"internal","split":{"type":"continuous","featureIndex":4,"threshold":3.3937177622786825}}
{"type":"internal","split":{"type":"continuous","featureIndex":3,"threshold":0.26325049783709353}}
{"type":"leaf","values":[16.0,5.0,13.0,35.0,301.0,248.0,193.0,190.0,15.0,94.0]}
{"type":"leaf","values":[234.0,9.0,8.0,6.0,110.0,8.0,84.0,65.0,18.0,115.0]}
{"type":"internal","split":{"type":"continuous","featureIndex":7,"threshold":0.8661950690165818}}
{"type":"leaf","values":[27.0,5.0,4.0,7.0,2268.0,161.0,2.0,200.0,16.0,9.0]}
{"type":"leaf","values":[0.0,0.0,0.0,3.0,81.0,175.0,0.0,63.0,8.0,0.0]}
{"type":"internal","split":{"type":"continuous","featureIndex":1,"threshold":1.8721421085297305}}
{"type":"internal","split":{"type":"continuous","featureIndex":4,"threshold":2.6808887360446323}}
{"type":"internal","split":{"type":"continuous","featureIndex":1,"threshold":-2.0915664892677324}}
{"type":"leaf","values":[0.0,0.0,0.0,0.0,0.0,0.0,0.0,24.0,0.0,0.0]}
{"type":"leaf","values":[8.0,5.0,3.0,0.0,25.0,106.0,21.0,5.0,2.0,12.0]}
{"type":"internal","split":{"type":"continuous","featureIndex":9,"threshold":1.2175871039266402}}
{"type":"leaf","values":[2.0,2.0,4.0,1.0,45.0,2263.0,19.0,52.0,7.0,6.0]}
{"type":"leaf","values":[0.0,4.0,0.0,3.0,28.0,91.0,0.0,22.0,1.0,1.0]}
{"type":"internal","split":{"type":"continuous","featureIndex":8,"threshold":-0.9509723746998742}}
{"type":"internal","split":{"type":"continuous","featureIndex":8,"threshold":-1.5918982309716105}}
{"type":"leaf","values":[0.0,0.0,12.0,0.0,64.0,7.0,0.0,0.0,1.0,0.0]}
{"type":"leaf","values":[0.0,0.0,7.0,0.0,2.0,0.0,0.0,0.0,0.0,1.0]}
{"type":"leaf","values":[0.0,0.0,0.0,0.0,0.0,0.0,0.0,0.0,0.0,13.0]}
{"type":"internal","split":{"type":"continuous","featureIndex":0,"threshold":0.3645303714180198}}
{"type":"internal","split":{"type":"continuous","featureIndex":0,"threshold":-0.1072950505148259}}
{"type":"internal","split":{"type":"continuous","featureIndex":2,"threshold":0.25489390883064017}}
{"type":"internal","split":{"type":"continuous","featureIndex":5,"threshold":0.022598154542608648}}
{"type":"leaf","values":[1.0,27.0,3.0,0.0,7.0,0.0,0.0,2.0,0.0,0.0]}
{"type":"leaf","values":[60.0,1.0,1.0,1.0,0.0,0.0,0.0,1.0,0.0,0.0]}
{"type":"internal","split":{"type":"continuous","featureIndex":3,"threshold":2.8224970100278846}}
{"type":"leaf","values":[3891.0,84.0,5.0,32.0,0.0,19.0,0.0,23.0,7.0,3.0]}
{"type":"leaf","values":[128.0,20.0,0.0,71.0,0.0,0.0,0.0,5.0,3.0,0.0]}
{"type":"internal","split":{"type":"continuous","featureIndex":1,"threshold":-0.04746084110752079}}
{"type":"internal","split":{"type":"continuous","featureIndex":6,"threshold":-2.474336341055047}}
{"type":"leaf","values":[16.0,240.0,8.0,72.0,2.0,1.0,0.0,4.0,2.0,0.0]}
{"type":"leaf","values":[6.0,33.0,1.0,91.0,0.0,0.0,0.0,77.0,0.0,0.0]}
{"type":"internal","split":{"type":"continuous","featureIndex":9,"threshold":0.33553577562588766}}
{"type":"leaf","values":[54.0,36.0,18.0,23.0,14.0,4.0,0.0,13.0,30.0,29.0]}
{"type":"leaf","values":[685.0,32.0,22.0,5.0,4.0,29.0,0.0,7.0,31.0,7.0]}
{"type":"internal","split":{"type":"continuous","featureIndex":7,"threshold":-0.2689583237111515}}
{"type":"internal","split":{"type":"continuous","featureIndex":4,"threshold":2.994375841688764}}
{"type":"internal","split":{"type":"continuous","featureIndex":0,"threshold":5.322135559718764}}
{"type":"leaf","values":[27.0,2497.0,1031.0,167.0,106.0,97.0,218.0,89.0,66.0,927.0]}
{"type":"leaf","values":[0.0,62.0,45.0,0.0,26.0,8.0,779.0,1.0,4.0,51.0]}
{"type":"internal","split":{"type":"continuous","featureIndex":5,"threshold":1.811304628536242}}
{"type":"leaf","values":[171.0,785.0,2800.0,846.0,686.0,152.0,385.0,929.0,522.0,234.0]}
{"type":"leaf","values":[1.0,7.0,179.0,47.0,0.0,487.0,109.0,78.0,10.0,115.0]}
{"type":"internal","split":{"type":"continuous","featureIndex":0,"threshold":6.204006283223545}}
{"type":"internal","split":{"type":"continuous","featureIndex":4,"threshold":3.256603321245579}}
{"type":"leaf","values":[224.0,799.0,295.0,602.0,73.0,113.0,472.0,418.0,282.0,1617.0]}
{"type":"leaf","values":[89.0,415.0,544.0,2447.0,813.0,486.0,68.0,1689.0,3630.0,945.0]}
{"type":"internal","split":{"type":"continuous","featureIndex":2,"threshold":-1.8470998592021568}}
{"type":"leaf","values":[0.0,0.0,2.0,3.0,0.0,0.0,43.0,0.0,10.0,56.0]}
{"type":"leaf","values":[0.0,4.0,14.0,36.0,32.0,47.0,2050.0,21.0,135.0,129.0]}
