{"type":"internal","split":{"type":"continuous","featureIndex":3,"threshold":0.7213629624042963}}
{"type":"internal","split":{"type":"continuous","featureIndex":1,"threshold":-1.2638350832725433}}
{"type":"internal","split":{"type":"continuous","featureIndex":1,"threshold":-2.3781749625156268}}
{"type":"internal","split":{"type":"continuous","featureIndex":6,"threshold":-1.3637760032130992}}
{"type":"internal","split":{"type":"continuous","featureIndex":3,"threshold":-1.3331305229537485}}
{"type":"leaf","values":[0.0,0.0,0.0,7.0,0.0,50.0,0.0,20.0,0.0,0.0]}
{"type":"leaf","values":[0.0,15.0,2.0,161.0,15.0,24.0,11.0,82.0,0.0,1.0]}
{"type":"internal","split":{"type":"continuous","featureIndex":6,"threshold":-0.8396167789590541}}
{"type":"leaf","values":[0.0,5.0,0.0,40.0,0.0,0.0,0.0,108.0,0.0,3.0]}
{"type":"leaf","values":[0.0,5.0,0.0,12.0,0.0,0.0,0.0,498.0,0.0,0.0]}
{"type":"internal","split":{"type":"continuous","featureIndex":2,"threshold":0.25489390883064017}}
{"type":"internal","split":{"type":"continuous","featureIndex":6,"threshold":-0.5308431597327186}}
{"type":"leaf","values":[0.0,65.0,1.0,190.0,2.0,90.0,7.0,95.0,8.0,4.0]}
{"type":"leaf","values":[0.0,8.0,0.0,16.0,0.0,0.0,0.0,318.0,0.0,0.0]}
{"type":"internal","split":{"type":"continuous","featureIndex":5,"threshold":0.4415978124966301}}
{"type":"leaf","values":[0.0,9.0,4.0,37.0,108.0,197.0,50.0,164.0,10.0,11.0]}
{"type":"leaf","values":[0.0,0.0,0.0,2.0,22.0,390.0,8.0,46.0,0.0,4.0]}
{"type":"internal","split":{"type":"continuous","featureIndex":7,"threshold":0.5521841774128647}}
{"type":"internal","split":{"type":"continuous","featureIndex":4,"threshold":2.8399786478040667}}
{"type":"internal","split":{"type":"continuous","featureIndex":0,"threshold":-0.1072950505148259}}
{"type":"leaf","values":[168.0,0.0,0.0,0.0,1.0,0.0,0.0,0.0,0.0,6.0]}
{"type":"leaf","values":[23.0,67.0,49.0,56.0,224.0,261.0,283.0,81.0,20.0,231.0]}
{"type":"internal","split":{"type":"continuous","featureIndex":8,"threshold":0.1493254051785221}}
{"type":"leaf","values":[59.0,18.0,50.0,48.0,1795.0,1096.0,20.0,99.0,51.0,53.0]}
{"type":"leaf","values":[0.0,3.0,0.0,0.0,780.0,24.0,0.0,0.0,1.0,0.0]}
{"type":"internal","split":{"type":"continuous","featureIndex":1,"threshold":1.0556046265710397}}
{"type":"internal","split":{"type":"continuous","featureIndex":5,"threshold":0.022598154542608648}}
{"type":"leaf","values":[0.0,1.0,2.0,17.0,112.0,224.0,155.0,14.0,21.0,26.0]}
{"type":"leaf","values":[10.0,3.0,6.0,3.0,21.0,1246.0,32.0,3.0,6.0,20.0]}
{"type":"internal","split":{"type":"continuous","featureIndex":5,"threshold":-1.394948676044514}}
{"type":"leaf","values":[0.0,0.0,0.0,0.0,31.0,8.0,177.0,0.0,0.0,0.0]}
{"type":"leaf","values":[33.0,0.0,0.0,0.0,72.0,76.0,28.0,0.0,8.0,15.0]}
{"type":"internal","split":{"type":"continuous","featureIndex":1,"threshold":-0.7040811311130016}}
{"type":"internal","split":{"type":"continuous","featureIndex":4,"threshold":2.994375841688764}}
{"type":"internal","split":{"type":"continuous","featureIndex":5,"threshold":-0.11132131130794114}}
{"type":"internal","split":{"type":"continuous","featureIndex":6,"threshold":-1.7992806119437712}}
{"type":"leaf","values":[1.0,2436.0,12.0,146.0,14.0,0.0,52.0,7.0,19.0,31.0]}
{"type":"leaf","values":[0.0,124.0,7.0,135.0,3.0,1.0,28.0,80.0,34.0,86.0]}
{"type":"internal","split":{"type":"continuous","featureIndex":1,"threshold":-1.8190886820995387}}
{"type":"leaf","values":[0.0,690.0,0.0,123.0,0.0,0.0,3.0,147.0,4.0,48.0]}
{"type":"leaf","values":[3.0,159.0,9.0,177.0,5.0,2.0,64.0,60.0,10.0,285.0]}
{"type":"internal","split":{"type":"continuous","featureIndex":6,"threshold":-3.1752237949285718}}
{"type":"internal","split":{"type":"continuous","featureIndex":6,"threshold":-3.990777480180709}}
{"type":"leaf","values":[0.0,582.0,9.0,51.0,35.0,0.0,15.0,4.0,41.0,0.0]}
{"type":"leaf","values":[1.0,260.0,20.0,258.0,18.0,20.0,25.0,18.0,89.0,7.0]}
{"type":"internal","split":{"type":"continuous","featureIndex":9,"threshold":1.34424267517631}}
{"type":"leaf","values":[1.0,145.0,57.0,1858.0,22.0,46.0,70.0,2337.0,263.0,99.0]}
{"type":"leaf","values":[0.0,86.0,41.0,1199.0,69.0,0.0,0.0,317.0,63.0,80.0]}
{"type":"internal","split":{"type":"continuous","featureIndex":2,"threshold":0.04985760622331656}}
{"type":"internal","split":{"type":"continuous","featureIndex":7,"threshold":-0.2689583237111515}}
{"type":"internal","split":{"type":"continuous","featureIndex":1,"threshold":0.7725076467476115}}
{"type":"leaf","values":[7.0,22.0,232.0,69.0,44.0,0.0,39.0,32.0,51.0,39.0]}
{"type":"leaf","values":[7.0,0.0,2361.0,16.0,48.0,0.0,34.0,0.0,215.0,142.0]}
{"type":"internal","split":{"type":"continuous","featureIndex":9,"threshold":-0.472380382079645}}
{"type":"leaf","values":[0.0,2.0,217.0,13.0,65.0,15.0,142.0,2.0,295.0,716.0]}
{"type":"leaf","values":[195.0,62.0,406.0,69.0,242.0,8.0,629.0,23.0,828.0,569.0]}
{"type":"internal","split":{"type":"continuous","featureIndex":0,"threshold":0.3645303714180198}}
{"type":"internal","split":{"type":"continuous","featureIndex":9,"threshold":-0.6146488538281043}}
{"type":"leaf","values":[12.0,32.0,0.0,112.0,0.0,0.0,0.0,69.0,4.0,0.0]}
{"type":"leaf","values":[4755.0,137.0,25.0,72.0,4.0,73.0,0.0,27.0,43.0,20.0]}
{"type":"internal","split":{"type":"continuous","featureIndex":0,"threshold":5.71120677505325}}
{"type":"leaf","values":[414.0,221.0,1427.0,149.0,1022.0,1125.0,687.0,169.0,2616.0,1874.0]}
{"type":"leaf","values":[0.0,0.0,134.0,4.0,186.0,73.0,2352.0,0.0,125.0,118.0]}
