{"type":"internal","split":{"type":"continuous","featureIndex":1,"threshold":-0.967885782727522}}
{"type":"internal","split":{"type":"continuous","featureIndex":3,"threshold":2.1922980268958403}}
{"type":"internal","split":{"type":"continuous","featureIndex":4,"threshold":2.181879263161636}}
{"type":"internal","split":{"type":"continuous","featureIndex":7,"threshold":-0.7566215502737281}}
{"type":"internal","split":{"type":"continuous","featureIndex":2,"threshold":3.252687772981071}}
{"type":"leaf","values":[0.0,459.0,0.0,25.0,8.0,25.0,9.0,42.0,1.0,10.0]}
{"type":"leaf","values":[0.0,1.0,0.0,0.0,5.0,0.0,39.0,0.0,0.0,0.0]}
{"type":"internal","split":{"type":"continuous","featureIndex":0,"threshold":6.960907279078893}}
{"type":"leaf","values":[0.0,92.0,3.0,83.0,20.0,41.0,49.0,117.0,16.0,79.0]}
{"type":"leaf","values":[0.0,0.0,0.0,0.0,0.0,1.0,38.0,0.0,0.0,0.0]}
{"type":"internal","split":{"type":"continuous","featureIndex":3,"threshold":-0.3170265215633892}}
{"type":"internal","split":{"type":"continuous","featureIndex":6,"threshold":-1.7992806119437712}}
{"type":"leaf","values":[0.0,2.0,1.0,102.0,53.0,765.0,7.0,32.0,0.0,0.0]}
{"type":"leaf","values":[0.0,0.0,2.0,70.0,40.0,16.0,0.0,452.0,0.0,0.0]}
{"type":"internal","split":{"type":"continuous","featureIndex":6,"threshold":-0.8396167789590541}}
{"type":"leaf","values":[3.0,334.0,42.0,919.0,125.0,248.0,18.0,938.0,77.0,47.0]}
{"type":"leaf","values":[0.0,30.0,2.0,328.0,46.0,0.0,0.0,1696.0,13.0,25.0]}
{"type":"internal","split":{"type":"continuous","featureIndex":6,"threshold":-2.872906193976381}}
{"type":"internal","split":{"type":"continuous","featureIndex":4,"threshold":3.65235840811314}}
{"type":"internal","split":{"type":"continuous","featureIndex":8,"threshold":-2.3320421704221204}}
{"type":"leaf","values":[1.0,163.0,3.0,55.0,0.0,0.0,5.0,0.0,2.0,7.0]}
{"type":"leaf","values":[1.0,2178.0,4.0,84.0,9.0,0.0,5.0,9.0,6.0,0.0]}
{"type":"internal","split":{"type":"continuous","featureIndex":5,"threshold":-1.55989360623553}}
{"type":"leaf","values":[0.0,181.0,8.0,40.0,3.0,0.0,0.0,1.0,36.0,0.0]}
{"type":"leaf","values":[0.0,148.0,2.0,320.0,2.0,0.0,21.0,16.0,76.0,6.0]}
{"type":"internal","split":{"type":"continuous","featureIndex":7,"threshold":-1.409499432516487}}
{"type":"internal","split":{"type":"continuous","featureIndex":8,"threshold":-3.1649364187670024}}
{"type":"leaf","values":[0.0,13.0,0.0,28.0,0.0,0.0,1.0,37.0,0.0,6.0]}
{"type":"leaf","values":[0.0,306.0,2.0,27.0,1.0,0.0,20.0,22.0,0.0,6.0]}
{"type":"internal","split":{"type":"continuous","featureIndex":4,"threshold":2.8399786478040667}}
{"type":"leaf","values":[0.0,396.0,11.0,228.0,1.0,0.0,15.0,40.0,15.0,228.0]}
{"type":"leaf","values":[0.0,76.0,31.0,2080.0,0.0,0.0,21.0,908.0,164.0,136.0]}
{"type":"internal","split":{"type":"continuous","featureIndex":0,"threshold":0.3645303714180198}}
{"type":"internal","split":{"type":"continuous","featureIndex":1,"threshold":0.13333817566229358}}
{"type":"internal","split":{"type":"continuous","featureIndex":8,"threshold":-0.7303741184236774}}
{"type":"internal","split":{"type":"continuous","featureIndex":4,"threshold":2.181879263161636}}
{"type":"leaf","values":[11.0,57.0,0.0,25.0,0.0,0.0,0.0,5.0,1.0,2.0]}
{"type":"leaf","values":[11.0,101.0,12.0,172.0,10.0,5.0,0.0,79.0,1.0,3.0]}
{"type":"internal","split":{"type":"continuous","featureIndex":6,"threshold":-3.0147087336468363}}
{"type":"leaf","values":[6.0,21.0,0.0,0.0,4.0,0.0,0.0,0.0,0.0,0.0]}
{"type":"leaf","values":[47.0,6.0,2.0,5.0,1.0,4.0,0.0,1.0,0.0,0.0]}
{"type":"internal","split":{"type":"continuous","featureIndex":2,"threshold":-0.3534860274898197}}
{"type":"internal","split":{"type":"continuous","featureIndex":1,"threshold":0.9079020627500385}}
{"type":"leaf","values":[3.0,5.0,15.0,0.0,1.0,0.0,0.0,0.0,0.0,0.0]}
{"type":"leaf","values":[0.0,0.0,3.0,0.0,13.0,0.0,0.0,0.0,0.0,0.0]}
{"type":"internal","split":{"type":"continuous","featureIndex":3,"threshold":0.26325049783709353}}
{"type":"leaf","values":[5.0,0.0,0.0,0.0,34.0,7.0,0.0,0.0,0.0,14.0]}
{"type":"leaf","values":[4981.0,100.0,21.0,59.0,19.0,68.0,0.0,31.0,76.0,47.0]}
{"type":"internal","split":{"type":"continuous","featureIndex":5,"threshold":1.811304628536242}}
{"type":"internal","split":{"type":"continuous","featureIndex":0,"threshold":6.204006283223545}}
{"type":"internal","split":{"type":"continuous","featureIndex":3,"threshold":1.2082575989192104}}
{"type":"leaf","values":[174.0,121.0,225.0,82.0,3307.0,1110.0,435.0,160.0,240.0,517.0]}
{"type":"leaf","values":[257.0,342.0,4186.0,368.0,1035.0,149.0,952.0,213.0,3908.0,2612.0]}
{"type":"internal","split":{"type":"continuous","featureIndex":8,"threshold":0.1493254051785221}}
{"type":"leaf","values":[0.0,0.0,145.0,22.0,147.0,121.0,2917.0,7.0,156.0,204.0]}
{"type":"leaf","values":[0.0,0.0,15.0,1.0,136.0,1.0,62.0,0.0,2.0,0.0]}
{"type":"internal","split":{"type":"continuous","featureIndex":2,"threshold":0.04985760622331656}}
{"type":"internal","split":{"type":"continuous","featureIndex":6,"threshold":-1.3637760032130992}}
{"type":"leaf","values":[37.0,0.0,275.0,6.0,1.0,52.0,14.0,2.0,20.0,75.0]}
{"type":"leaf","values":[0.0,0.0,11.0,10.0,0.0,18.0,0.0,1.0,0.0,102.0]}
{"type":"internal","split":{"type":"continuous","featureIndex":6,"threshold":-0.8396167789590541}}
{"type":"leaf","values":[86.0,0.0,100.0,6.0,31.0,2293.0,227.0,37.0,8.0,227.0]}
{"type":"leaf","values":[0.0,4.0,0.0,0.0,0.0,66.0,36.0,0.0,4.0,123.0]}
